Ship Distance,Win Rate (%),Games Played
0.0,29.75206611570248,363
1.0,68.16816816816817,333
2.0,61.75115207373272,217
3.0,63.1578947368421,76
4.0,36.36363636363637,11
