Ship Distance,Win Rate (%),Games Played
0.0,70.24793388429752,363
1.0,31.83183183183183,333
2.0,38.24884792626728,217
3.0,36.84210526315789,76
4.0,63.63636363636363,11
