Ship Distance,Win Rate (%),Games Played
0.0,44.0,375
1.0,64.76190476190476,315
2.0,60.57692307692307,208
3.0,61.36363636363637,88
4.0,64.28571428571429,14
