Ship Distance,Win Rate (%),Games Played
0.0,56.00000000000001,375
1.0,35.23809523809524,315
2.0,39.42307692307692,208
3.0,38.63636363636363,88
4.0,35.714285714285715,14
