Ship Distance,Win Rate (%),Games Played
0.0,30.997304582210244,371
1.0,66.25,320
2.0,58.415841584158414,202
3.0,65.55555555555556,90
4.0,35.294117647058826,17
