Ship Distance,Win Rate (%),Games Played
0.0,69.00269541778977,371
1.0,33.75,320
2.0,41.584158415841586,202
3.0,34.44444444444444,90
4.0,64.70588235294117,17
